{
  "r2": 0.18863409851123458,
  "rmse": 84.91978350995775
}