{
  "Al2024": {
    "r2": -1.0439705848693848,
    "rmse": 205.2922174152006,
    "mape": 120657848.0,
    "samples": 3
  },
  "Al6061": {
    "r2": -0.1801900863647461,
    "rmse": 107.21100780849184,
    "mape": 470847840.0,
    "samples": 22
  },
  "Al7075": {
    "r2": -0.7755672931671143,
    "rmse": 83.96880233530189,
    "mape": 26927.328125,
    "samples": 3
  }
}