{
  "al2024": {
    "r2": 0.7117584943771362,
    "rmse": 53.853334535801956,
    "samples": 3
  },
  "al2219": {
    "r2": 0.10195744037628174,
    "rmse": 15.92176191385257,
    "samples": 3
  },
  "al6061": {
    "r2": 0.9858596920967102,
    "rmse": 13.436347379708636,
    "samples": 2
  },
  "al7075": {
    "r2": 0.7899540066719055,
    "rmse": 27.944505466051595,
    "samples": 2
  }
}