{
  "al2024": {
    "r2": 0.7513936161994934,
    "rmse": 52.97920711674298,
    "samples": 3
  },
  "al2219": {
    "r2": 0.4552820920944214,
    "rmse": 16.10046223042069,
    "samples": 3
  },
  "al6061": {
    "r2": 0.8625349998474121,
    "rmse": 42.84958048629604,
    "samples": 2
  },
  "al7075": {
    "r2": 0.7545253038406372,
    "rmse": 30.22037890678294,
    "samples": 2
  }
}