{
  "al2024": {
    "r2": 0.4885234236717224,
    "rmse": 75.99100160031286,
    "samples": 3
  },
  "al2219": {
    "r2": 0.28913068771362305,
    "rmse": 18.39278044664791,
    "samples": 3
  },
  "al6061": {
    "r2": 0.8052915334701538,
    "rmse": 50.996802136261444,
    "samples": 2
  },
  "al7075": {
    "r2": 0.6477193832397461,
    "rmse": 36.20269340485076,
    "samples": 2
  }
}