{
  "overall": {
    "train": {
      "r2": 0.9988668601982785,
      "rmse": 4.213979133657603,
      "mae": 2.8807417124149253,
      "n": 1798
    },
    "val": {
      "r2": 0.9781583132490931,
      "rmse": 19.176742125092698,
      "mae": 13.53583736714037,
      "n": 277
    },
    "test": {
      "r2": 0.9734665039126275,
      "rmse": 23.139972450760713,
      "mae": 17.034299984987843,
      "n": 375
    }
  },
  "per_material": {
    "al2024": {
      "r2": 0.9693883575099178,
      "rmse": 22.768063726383605,
      "mae": 15.417162889122547,
      "n": 139
    },
    "al2219": {
      "r2": 0.8587308859861769,
      "rmse": 8.960707899940628,
      "mae": 7.1439382901875,
      "n": 73
    },
    "al6061": {
      "r2": 0.9076261036325248,
      "rmse": 27.163252640943554,
      "mae": 25.723959288938246,
      "n": 82
    },
    "al7075": {
      "r2": 0.8285389234750067,
      "rmse": 27.750396281538052,
      "mae": 19.925983900071405,
      "n": 81
    }
  }
}