{
  "overall": {
    "train": {
      "r2": 0.998900635351845,
      "rmse": 4.267371577233384,
      "mae": 2.8787268105055435,
      "n": 1554
    },
    "val": {
      "r2": 0.9531805494071254,
      "rmse": 25.585358651612594,
      "mae": 17.736499986039885,
      "n": 336
    },
    "test": {
      "r2": 0.979162559914318,
      "rmse": 21.467480308352954,
      "mae": 14.417577807613132,
      "n": 295
    }
  },
  "per_material": {
    "al2024": {
      "r2": 0.9779081365222823,
      "rmse": 19.34189215088728,
      "mae": 12.915233712767437,
      "n": 139
    },
    "al2219": {
      "r2": 0.8938574271411396,
      "rmse": 8.010310186994,
      "mae": 5.912440748482076,
      "n": 74
    },
    "al7075": {
      "r2": 0.7497687145128725,
      "rmse": 31.078620302146646,
      "mae": 24.63960185101861,
      "n": 82
    }
  }
}