{
  "overall": {
    "train": {
      "r2": 0.998900635351845,
      "rmse": 4.267371577233385,
      "mae": 2.8787268105055435,
      "n": 1554
    },
    "val": {
      "r2": 0.9531430788314215,
      "rmse": 25.595594850098056,
      "mae": 17.74109907543386,
      "n": 336
    },
    "test": {
      "r2": 0.9790667869879736,
      "rmse": 21.516758107536887,
      "mae": 14.446904034458262,
      "n": 295
    }
  },
  "per_material": {
    "al2024": {
      "r2": 0.9779561492522818,
      "rmse": 19.320862640109166,
      "mae": 12.90268622269588,
      "n": 139
    },
    "al2219": {
      "r2": 0.8937856605876634,
      "rmse": 8.013017749092466,
      "mae": 5.916591475544715,
      "n": 74
    },
    "al7075": {
      "r2": 0.7474476171862512,
      "rmse": 31.222427245868204,
      "mae": 24.762628488050627,
      "n": 82
    }
  }
}