{
  "gamma": {
    "train": {
      "r2": 0.9999894688267597,
      "rmse": 0.0122278520054174,
      "mae": 0.0041601295365077395,
      "n": 1742
    },
    "val": {
      "r2": 0.9985512362484237,
      "rmse": 0.14327284786566288,
      "mae": 0.03577097769002345,
      "n": 263
    },
    "test": {
      "r2": 0.9911524141547233,
      "rmse": 0.43772970573025377,
      "mae": 0.09427182714026233,
      "n": 355
    },
    "samples": {
      "train": 1742,
      "val": 263,
      "test": 355
    }
  },
  "H": {
    "train": {
      "r2": 0.9942038819219331,
      "rmse": 0.0753592070959289,
      "mae": 0.04585329439808538,
      "n": 747
    },
    "val": {
      "r2": 0.8923441383341755,
      "rmse": 0.30136704107607815,
      "mae": 0.23550476409439583,
      "n": 106
    },
    "test": {
      "r2": 0.7700408080718375,
      "rmse": 0.44814741284283294,
      "mae": 0.3274837323858113,
      "n": 166
    },
    "space": "log10",
    "filter": {
      "train": {
        "input": 1742,
        "after_stable_mask": 1352,
        "after_positive": 747,
        "after_log": 747
      },
      "val": {
        "input": 263,
        "after_stable_mask": 203,
        "after_positive": 106,
        "after_log": 106
      },
      "test": {
        "input": 355,
        "after_stable_mask": 277,
        "after_positive": 166,
        "after_log": 166
      }
    }
  },
  "H_raw": {
    "train": {
      "r2": 0.8794437568291212,
      "rmse": 2891.6190474382543,
      "mae": 314.46556150632534,
      "n": 747
    },
    "val": {
      "r2": 0.5527470098596206,
      "rmse": 3119.117867417224,
      "mae": 1285.280680911754,
      "n": 106
    },
    "test": {
      "r2": 0.5476770591056794,
      "rmse": 1710.4796333127026,
      "mae": 763.6651639185322,
      "n": 166
    }
  }
}