{
  "gamma": {
    "train": {
      "r2": 0.9999894688267597,
      "rmse": 0.0122278520054174,
      "mae": 0.0041601295365077395,
      "n": 1742
    },
    "val": {
      "r2": 0.9985512362484237,
      "rmse": 0.14327284786566288,
      "mae": 0.03577097769002345,
      "n": 263
    },
    "test": {
      "r2": 0.9911524141547233,
      "rmse": 0.43772970573025377,
      "mae": 0.09427182714026233,
      "n": 355
    }
  },
  "H": {
    "train": {
      "r2": 0.9970744387817018,
      "rmse": 954.6919453560787,
      "mae": 354.72189100419763,
      "n": 1742
    },
    "val": {
      "r2": 0.5155972959386015,
      "rmse": 7166.749869976296,
      "mae": 2138.580642550197,
      "n": 263
    },
    "test": {
      "r2": -1.339255457018044,
      "rmse": 7575.002252697192,
      "mae": 2197.75240683338,
      "n": 355
    }
  }
}