{
  "test": {
    "r2": 0.9529794454574585,
    "rmse": 27.361968261236367,
    "mae": 18.201265335083008,
    "n": 356
  },
  "per_material": {
    "al2024": {
      "r2": 0.9563134908676147,
      "rmse": 27.199225201510796,
      "mae": 20.590669631958008,
      "n": 139
    },
    "al2219": {
      "r2": 0.9183149337768555,
      "rmse": 5.606490474719032,
      "mae": 4.900559425354004,
      "n": 42
    },
    "al6061": {
      "r2": 0.5787811875343323,
      "rmse": 27.498990127053982,
      "mae": 12.870567321777344,
      "n": 93
    },
    "al7075": {
      "r2": 0.709174394607544,
      "rmse": 33.50481687617842,
      "mae": 27.0092830657959,
      "n": 82
    }
  },
  "config": {
    "filter_test_type": "tensile",
    "split_ratio": {
      "train": 0.75,
      "val": 0.125,
      "test": 0.125
    },
    "split_seed": 42,
    "min_test_curves": 1,
    "hidden_dims": [
      256,
      256,
      128,
      64
    ],
    "dropout": 0.05,
    "epochs": 800,
    "batch_size": 128,
    "learning_rate": 0.0005,
    "weight_decay": 1e-05,
    "lambda_data": 1.0,
    "lambda_monotonic": 0.01,
    "lambda_elastic": 0.001,
    "lambda_temp_soft": 0.01,
    "lambda_rate_hard": 0.01,
    "material_weights": {
      "al2024": 1.0,
      "al2219": 1.2,
      "al6061": 3.0,
      "al7075": 1.5
    },
    "lambda_boundary": 0.0,
    "boundary_strain_threshold": 0.002,
    "use_collocation_points": true,
    "n_collocation_per_material": 50
  }
}