{
  "test": {
    "r2": 0.9192001819610596,
    "rmse": 35.868114063124544,
    "mae": 22.507579803466797,
    "n": 356
  },
  "per_material": {
    "al2024": {
      "r2": 0.8984296917915344,
      "rmse": 41.47307108233004,
      "mae": 29.886627197265625,
      "n": 139
    },
    "al2219": {
      "r2": 0.8859694004058838,
      "rmse": 6.624155530550285,
      "mae": 5.494326591491699,
      "n": 42
    },
    "al6061": {
      "r2": 0.3933359384536743,
      "rmse": 33.00175332700143,
      "mae": 12.797475814819336,
      "n": 93
    },
    "al7075": {
      "r2": 0.6341769695281982,
      "rmse": 37.57737460269477,
      "mae": 29.72597885131836,
      "n": 82
    }
  },
  "config": {
    "filter_test_type": "tensile",
    "split_ratio": {
      "train": 0.75,
      "val": 0.125,
      "test": 0.125
    },
    "split_seed": 42,
    "min_test_curves": 1,
    "hidden_dims": [
      256,
      256,
      128,
      64
    ],
    "dropout": 0.05,
    "epochs": 800,
    "batch_size": 128,
    "learning_rate": 0.0005,
    "weight_decay": 1e-05,
    "lambda_data": 1.0,
    "lambda_monotonic": 0.01,
    "lambda_elastic": 0.001,
    "lambda_temp_soft": 0.01,
    "lambda_rate_hard": 0.01,
    "material_weights": {
      "al2024": 1.0,
      "al2219": 1.2,
      "al6061": 3.0,
      "al7075": 1.5
    }
  }
}