{
  "test": {
    "r2": 0.9488545656204224,
    "rmse": 28.536904517371777,
    "mae": 20.052021026611328,
    "n": 356
  },
  "per_material": {
    "al2024": {
      "r2": 0.9469634890556335,
      "rmse": 29.968863032568382,
      "mae": 22.41228675842285,
      "n": 139
    },
    "al2219": {
      "r2": 0.9114702939987183,
      "rmse": 5.836658765147358,
      "mae": 5.099524974822998,
      "n": 42
    },
    "al6061": {
      "r2": 0.514728307723999,
      "rmse": 29.51585453523771,
      "mae": 18.589262008666992,
      "n": 93
    },
    "al7075": {
      "r2": 0.7389743328094482,
      "rmse": 31.741873114059644,
      "mae": 25.368656158447266,
      "n": 82
    }
  },
  "config": {
    "filter_test_type": "tensile",
    "split_ratio": {
      "train": 0.75,
      "val": 0.125,
      "test": 0.125
    },
    "split_seed": 42,
    "min_test_curves": 1,
    "hidden_dims": [
      256,
      256,
      128,
      64
    ],
    "dropout": 0.05,
    "epochs": 800,
    "batch_size": 128,
    "learning_rate": 0.0005,
    "weight_decay": 1e-05,
    "lambda_data": 1.0,
    "lambda_monotonic": 0.01,
    "lambda_elastic": 0.001,
    "lambda_temp_soft": 0.01,
    "lambda_rate_hard": 0.01,
    "material_weights": {
      "al2024": 1.0,
      "al2219": 1.2,
      "al6061": 3.0,
      "al7075": 1.5
    },
    "lambda_boundary": 0.0,
    "boundary_strain_threshold": 0.002,
    "use_collocation_points": true,
    "n_collocation_per_material": 50
  }
}