{
  "train_loss": [
    5.894480432782855,
    1.3006721905299596,
    1.4511942948613847,
    1.3753893545695715,
    0.7451074208532061,
    1.2599192772592818,
    0.9992692640849522,
    0.6773849385125297,
    0.6391098754746574,
    0.8141115052359444,
    0.7195473143032619,
    0.6469464216913495,
    0.5746721795627049,
    0.6088868507317134,
    0.8577433356216976,
    0.5394176415034703,
    0.6725909667355674,
    0.5163957136017936,
    0.579907374722617,
    0.6237296121461051,
    0.574869304895401,
    0.698582649230957,
    0.47429315532956806,
    0.5486103764602116,
    0.4848150781222752,
    0.5014209789889199,
    0.4346505275794438,
    0.5193297990730831,
    0.5212808336530413,
    0.47725852898189,
    0.4600559004715511,
    0.4616668564932687,
    0.5370720114026751,
    0.4523402622767857,
    0.4314952279840197,
    0.5177345020430428,
    0.5361033720629556,
    0.4961086852209909,
    0.4200291122709002,
    0.4519680781023843,
    0.436106481722423,
    0.4244465615068163,
    0.46688632879938397,
    0.46484578933034626,
    0.4772862706865583,
    0.6903794876166752,
    0.43351406284740995,
    0.41098663210868835,
    0.4713015002863748,
    0.40393233725002836,
    0.47508097546441214,
    0.47527829238346647,
    0.6510159160409655,
    0.41313056860651287,
    0.4547687215464456,
    0.4259609878063202,
    0.4182440553392683,
    0.428491826568331,
    0.41989349467413767,
    0.4851836178983961,
    0.4782685467175075,
    0.5603631692273277,
    0.4548227531569345,
    0.511074994291578,
    0.4759248580251421,
    0.4603538726057325,
    0.4935860591275351,
    0.41150708709444317,
    0.38094366448266165,
    0.43626388907432556,
    0.37646918637411936,
    0.40046206968171255,
    0.5127370357513428,
    0.3898951879569462,
    0.41819929225104197,
    0.38272739308221,
    0.3577836879662105,
    0.4259973721844809
  ],
  "train_mse": [
    0.623377725481987,
    0.04050420331103461,
    0.029404391135488237,
    0.015341455116868019,
    0.013036795093544893,
    0.01651127969047853,
    0.012568762792008263,
    0.009489358402788639,
    0.008725365224693502,
    0.00907798929672156,
    0.009357639322323459,
    0.009438577008300595,
    0.008512483643633979,
    0.008777651736246688,
    0.007758063131145069,
    0.007428071528140988,
    0.008027771820447274,
    0.00758186139033309,
    0.006962252681010536,
    0.00730647801953767,
    0.008818702838782753,
    0.0097283351767276,
    0.009766454209706612,
    0.0083816414033728,
    0.011812690645456314,
    0.012000475278390306,
    0.01158591772296599,
    0.009259029823754514,
    0.009850595246202179,
    0.008028761317421283,
    0.007019386626780033,
    0.008420415987659777,
    0.006893407819526536,
    0.006388829089701176,
    0.006650678547365325,
    0.006634678492056472,
    0.005759212587560926,
    0.0072218414196478465,
    0.006616388198121318,
    0.006561123499912875,
    0.005942019401118159,
    0.005842349691582578,
    0.005205880152061582,
    0.005035678323890481,
    0.004950853962717312,
    0.00530344237839537,
    0.004902120978970613,
    0.004763700916165752,
    0.005289601494691202,
    0.004742843331769109,
    0.004681457266477602,
    0.004979371824967009,
    0.0054497368068301254,
    0.004243395607253271,
    0.004414966329932213,
    0.004845601805884924,
    0.005853752040171197,
    0.004764876744177725,
    0.0054528108698182875,
    0.005224681026967508,
    0.005725974117272666,
    0.005752489436417818,
    0.005699251346024019,
    0.007095642254820892,
    0.006015395313235266,
    0.006829492947352784,
    0.0071028534855161396,
    0.007651112474767225,
    0.005476517935416528,
    0.005403958094705429,
    0.005740312859416008,
    0.006916307445083346,
    0.006425869451569659,
    0.0070753271824547225,
    0.005781140876933932,
    0.005175335299489754,
    0.006030957414103406,
    0.005065815223913107
  ],
  "train_physics": [
    26.355513300214493,
    6.300839764731271,
    7.108949388776507,
    6.8002395289284845,
    3.660352979387556,
    6.2170398235321045,
    4.933502435684204,
    3.339477777481079,
    3.1519224984305247,
    4.025167499269758,
    3.5509483133043562,
    3.1875391006469727,
    2.830798387527466,
    3.0005459444863454,
    4.249926294599261,
    2.6599477359226773,
    3.3228158950805664,
    2.544069222041539,
    2.8647255556924,
    3.082115650177002,
    2.8302529879978726,
    3.4442714963640486,
    2.3226334708077565,
    2.701143639428275,
    2.3650119645254954,
    2.4471024445125034,
    2.1153230326516286,
    2.550353765487671,
    2.5571511472974504,
    2.346148831503732,
    2.2651825291769847,
    2.2662321158817837,
    2.650893007005964,
    2.22975708757128,
    2.1242226702826366,
    2.5554990768432617,
    2.6517207622528076,
    2.44443416595459,
    2.0670635870524814,
    2.2270347390856062,
    2.150822332927159,
    2.0930210522242954,
    2.3084022317613875,
    2.299050501414708,
    2.3616770335606168,
    3.425380212920053,
    2.1430596794400896,
    2.0311146463666643,
    2.330059460231236,
    1.9959474291120256,
    2.3519975457872664,
    2.351494550704956,
    3.2278308868408203,
    2.044435841696603,
    2.2517687593187605,
    2.1055768728256226,
    2.0619515010288785,
    2.118634751864842,
    2.0722033977508545,
    2.3997946126120433,
    2.3627128430775235,
    2.773053390639169,
    2.2456174918583462,
    2.5198966605322703,
    2.349547266960144,
    2.267621840749468,
    2.4324159962790355,
    2.01927980354854,
    1.8773357016699654,
    2.154299650873457,
    1.8536443540028162,
    1.967728785106114,
    2.531555805887495,
    1.9140992675508772,
    2.062090720449175,
    1.8877602645329066,
    1.7587636368615287,
    2.1046577181134904
  ],
  "val_loss": [
    0.12290706485509872,
    0.05815497040748596,
    0.055650901049375534,
    0.053336452692747116,
    0.05934087559580803,
    0.05197219178080559,
    0.05052843689918518,
    0.05267046019434929,
    0.04952023923397064,
    0.05018451437354088,
    0.05139314383268356,
    0.04831719398498535,
    0.04964723810553551,
    0.048745717853307724,
    0.04773332178592682,
    0.047472137957811356,
    0.0469665452837944,
    0.04733123257756233,
    0.04758308455348015,
    0.04758346825838089,
    0.049942344427108765,
    0.0474957674741745,
    0.050457991659641266,
    0.04975312948226929,
    0.05167080834507942,
    0.046773433685302734,
    0.050934404134750366,
    0.04611478000879288,
    0.04870310425758362,
    0.04625724256038666,
    0.046901147812604904,
    0.04737040400505066,
    0.04859912395477295,
    0.046942319720983505,
    0.048677653074264526,
    0.047533147037029266,
    0.04734901711344719,
    0.04722544550895691,
    0.047487013041973114,
    0.047768112272024155,
    0.048531144857406616,
    0.04752529412508011,
    0.04798312485218048,
    0.046895213425159454,
    0.04721694067120552,
    0.04731970652937889,
    0.04712063819169998,
    0.04742971807718277,
    0.04710822552442551,
    0.047144800424575806,
    0.04744071140885353,
    0.04732599854469299,
    0.04741866886615753,
    0.04750204458832741,
    0.04745005816221237,
    0.04737447202205658,
    0.04740293323993683,
    0.04741306230425835,
    0.04741127789020538,
    0.047412190586328506,
    0.04884769022464752,
    0.050702054053545,
    0.04824060574173927,
    0.052215225994586945,
    0.05040591210126877,
    0.0507945790886879,
    0.05355307087302208,
    0.05125173181295395,
    0.05365561321377754,
    0.049148961901664734,
    0.049931108951568604,
    0.04992107301950455,
    0.05082692950963974,
    0.04995682090520859,
    0.052232373505830765,
    0.05591559410095215,
    0.05004522576928139,
    0.04998106136918068
  ],