{
  "train_loss": [
    4.305665867669242,
    3.7422797679901123,
    3.584418875830514,
    2.0874608669962202,
    1.6975529789924622,
    1.3921484351158142,
    1.3752476232392448,
    1.1748834763254439,
    1.2806858505521501,
    1.5644051092011588,
    1.1950835244996207,
    1.1941945041928972,
    1.2339205401284354,
    0.9612447278840202,
    1.492329282420022,
    1.3658337593078613,
    1.7059710281235831,
    1.0444554941994804,
    0.9760763815471104,
    0.7991694808006287,
    1.292751933847155,
    0.7799258955887386,
    0.8116292442594256,
    0.6812667718955449,
    0.7829079968588692,
    0.6616964893681663,
    0.5709649963038308,
    0.7825452855655125,
    0.5845867310251508,
    0.4547808681215559,
    0.638006968157632,
    0.5797939300537109,
    0.7000657532896314,
    0.6491367561476571,
    0.4705716243812016,
    0.5008244940212795,
    0.5156025886535645,
    0.4446855102266584,
    0.6812789823327746,
    0.41640202488218037,
    0.4523989345346178,
    0.4635306213583265,
    0.42565988642828806,
    0.42557833450181143,
    0.5527101712567466,
    0.626303915466581,
    0.39267927408218384,
    0.365376170192446,
    0.6414300969668797,
    0.4249469574008669,
    0.4186441046851022,
    0.38631271038736614,
    0.5892336283411298,
    0.4314111088003431,
    0.3644889422825405,
    0.4621598848274776,
    0.45627226148332867,
    0.39244595170021057,
    0.35747408866882324,
    0.5633569019181388,
    0.4767338420663561,
    0.5544771083763668,
    0.5159151937280383,
    0.6116621536867959,
    0.6479718387126923,
    0.47419694491795134,
    0.4381813108921051,
    0.6888287365436554,
    0.3730549471718924,
    0.4651959070137569,
    0.37802368828228544,
    0.3737501800060272,
    0.6576744658606393,
    0.48720135007585796,
    0.7879532405308315,
    0.40556339280945913,
    0.4191648406641824,
    0.9620041591780526,
    1.875392198562622,
    1.149201171738761,
    1.6168467572757177,
    0.9046096120561872
  ],
  "train_mse": [
    0.23610009998083115,
    0.16753632575273514,
    0.14668703079223633,
    0.12972941462482726,
    0.11943000555038452,
    0.11371495787586484,
    0.08780483954719134,
    0.07068592576043946,
    0.07074169867805072,
    0.05512290181858199,
    0.041573621332645416,
    0.040858178798641474,
    0.033030337654054165,
    0.02624462717877967,
    0.02484247407742909,
    0.01784140882747514,
    0.019157104194164276,
    0.019968565686472824,
    0.017691981446530138,
    0.01388657744973898,
    0.018774476035365036,
    0.020242793685091392,
    0.016767993768943206,
    0.018350453781230108,
    0.016924886631646326,
    0.024601994348423823,
    0.01902468302952392,
    0.012969707338405507,
    0.011883744903440987,
    0.012965097457968764,
    0.009394894087953227,
    0.008725462148764304,
    0.00929602634693895,
    0.00972038068409477,
    0.010271363559045963,
    0.008134008451764072,
    0.007565847731062344,
    0.008485822439459818,
    0.009001189809558647,
    0.005669834757489818,
    0.007299605357859816,
    0.006671218999794551,
    0.006996589114091226,
    0.0061580391068543705,
    0.005520376543115292,
    0.0049502119488481966,
    0.005646432949496167,
    0.005902151510651622,
    0.006762988998421601,
    0.005544174262987716,
    0.004923545988276601,
    0.005405330298734563,
    0.006301745240177427,
    0.00474842283542135,
    0.004825871604095612,
    0.005967026576399803,
    0.005660380802250334,
    0.005397383589297533,
    0.00488108752428421,
    0.005724220353710864,
    0.0068889695685356855,
    0.009209390729665756,
    0.015256071662796395,
    0.008364542054810695,
    0.009228260821795889,
    0.009302722888865642,
    0.007210876460054091,
    0.011767259266759669,
    0.006960818045107382,
    0.005692412843927741,
    0.00632226823030838,
    0.005570646342156189,
    0.0060774219621505055,
    0.00674895998755736,
    0.009446915505187852,
    0.006523460615426302,
    0.006660438940993377,
    0.0807854065538517,
    0.1102318794333509,
    0.03875388351402113,
    0.04214889795652458,
    0.01650065476340907
  ],
  "train_physics": [
    20.34782818385533,
    17.873716558728898,
    17.188659054892405,
    9.788657324654716,
    7.890614816120693,
    6.39216719354902,
    6.437213897705078,
    5.520987680980137,
    6.049720661980765,
    7.546410935265677,
    5.767549344471523,
    5.766681432723999,
    6.004450968333653,
    4.675000463213239,
    7.337433917181833,
    6.739961726324899,
    8.434069429125104,
    5.12243458202907,
    4.79192202431815,
    3.9264144897460938,
    6.369887215750558,
    3.7984155075890675,
    3.9743062428065707,
    3.3145815474646434,
    3.8299155916486467,
    3.185472386223929,
    2.7597015585218156,
    3.847877996308463,
    2.8635149002075195,
    2.209078788757324,
    3.1430603095463345,
    2.8553421667643955,
    3.453848566327776,
    3.19708183833531,
    2.3015011889593944,
    2.463452475411551,
    2.5401836974280223,
    2.1809984104973927,
    3.361388921737671,
    2.053660886628287,
    2.2254966156823293,
    2.2842969724110196,
    2.093316452843802,
    2.0971013818468367,
    2.7359489372798373,
    3.1067685229437694,
    1.9351641620908464,
    1.7973700761795044,
    3.173335552215576,
    2.097013899258205,
    2.0686027663094655,
    1.9045368943895613,
    2.9146593468529836,
    2.133313468524388,
    1.7983153036662511,
    2.280964272362845,
    2.2530593872070312,
    1.9352427891322546,
    1.7629649809428625,
    2.78816328729902,
    2.3492243460246494,
    2.7263386079243253,
    2.503295506749834,
    3.0164880582264493,
    3.193717888423375,
    2.324471116065979,
    2.154852134840829,
    3.385307260922023,
    1.8304706301007951,
    2.2975174529211864,
    1.8585070541926794,
    1.8408976282392229,
    3.2579851491110667,
    2.40226195539747,
    3.892531599317278,
    1.9951996632984705,
    2.0625219345092773,
    4.406093801770892,
    8.825801304408483,
    5.552236318588257,
    7.873489243643625,
    4.440544741494315
  ],