{
  "al2024": {
    "gamma_dot": {
      "train": {
        "r2": 0.9999999381186865,
        "rmse": 0.0010824471074700696,
        "mae": 0.0006414223852029849,
        "n": 628
      },
      "val": {
        "r2": 0.9998480547916849,
        "rmse": 0.05176977500767359,
        "mae": 0.019323387600912546,
        "n": 102
      },
      "test": {
        "r2": 0.995743633603237,
        "rmse": 0.289690287173581,
        "mae": 0.08221458735396149,
        "n": 129
      }
    },
    "hardening_modulus": {
      "train": {
        "r2": 0.9999971287681343,
        "rmse": 78.58476623217675,
        "mae": 42.22899452587045,
        "n": 628
      },
      "val": {
        "r2": 0.005702596040177976,
        "rmse": 13430.76882495833,
        "mae": 3765.2670067597646,
        "n": 102
      },
      "test": {
        "r2": -0.03873871550614805,
        "rmse": 11038.097238502642,
        "mae": 2695.441346913807,
        "n": 129
      }
    }
  },
  "al2219": {
    "gamma_dot": {
      "train": {
        "r2": 0.999999907508125,
        "rmse": 0.0011673679731530856,
        "mae": 0.0006906859505476893,
        "n": 385
      },
      "val": {
        "r2": 0.9995855455205267,
        "rmse": 0.10049689817507919,
        "mae": 0.024054331525942312,
        "n": 40
      },
      "test": {
        "r2": 0.9989927509830244,
        "rmse": 0.06424492583073768,
        "mae": 0.020234998103153847,
        "n": 78
      }
    },
    "hardening_modulus": {
      "train": {
        "r2": 0.9999867432434447,
        "rmse": 107.59922402206922,
        "mae": 52.98111656261255,
        "n": 385
      },
      "val": {
        "r2": -161.85467133035758,
        "rmse": 3642.8262307654813,
        "mae": 1555.826149304441,
        "n": 40
      },
      "test": {
        "r2": -2.371486115053075,
        "rmse": 10660.206310331938,
        "mae": 4263.239628407452,
        "n": 78
      }
    }
  },
  "al6061": {
    "gamma_dot": {
      "train": {
        "r2": 0.9999861094707653,
        "rmse": 4.5747972537293585e-07,
        "mae": 2.611654017503806e-07,
        "n": 382
      },
      "val": {
        "r2": 0.8146623245839791,
        "rmse": 7.83333375043248e-05,
        "mae": 7.098538499177121e-05,
        "n": 13
      },
      "test": {
        "r2": 0.8443999784239464,
        "rmse": 6.440670508966491e-05,
        "mae": 3.663909029873507e-05,
        "n": 34
      }
    },
    "hardening_modulus": {
      "train": {
        "r2": 0.9999992673818789,
        "rmse": 20.22664246558796,
        "mae": 11.497637944617525,
        "n": 382
      },
      "val": {
        "r2": 0.5143639880489081,
        "rmse": 14603.867586723032,
        "mae": 10951.69208752596,
        "n": 13
      },
      "test": {
        "r2": 0.606754104834332,
        "rmse": 12572.237291224421,
        "mae": 5935.068701967338,
        "n": 34
      }
    }
  },
  "al7075": {
    "gamma_dot": {
      "train": {
        "r2": 0.9999998942282025,
        "rmse": 0.0014489283660302265,
        "mae": 0.0008377681080831621,
        "n": 432
      },
      "val": {
        "r2": 0.9973976214614232,
        "rmse": 0.022976157506279085,
        "mae": 0.010957860717259274,
        "n": 72
      },
      "test": {
        "r2": 0.9623467716876076,
        "rmse": 0.00868812958785641,
        "mae": 0.00727962693340964,
        "n": 65
      }
    },
    "hardening_modulus": {
      "train": {
        "r2": 0.9999799899113593,
        "rmse": 52.92054739568967,
        "mae": 30.300954279445158,
        "n": 432
      },
      "val": {
        "r2": 0.017659102625154022,
        "rmse": 140385.4194599355,
        "mae": 21884.390294434652,
        "n": 72
      },
      "test": {
        "r2": -29.380100183193594,
        "rmse": 8194.726695220412,
        "mae": 2423.3440119471343,
        "n": 65
      }
    }
  }
}